line_1,line_2,line_1_제품,line_2_제품,교차컬럼갯수,교차하지않는_컬럼갯수,교차컬럼갯수/line1컬럼갯수,교차컬럼갯수/line2컬럼갯수,교차컬럼갯수/합집합컬럼갯수,교차하지않는_컬럼갯수/합집합컬럼갯수
T010305,T010306,A,A,878,16,0.9909706546275395,0.9909706546275395,0.9821029082774049,0.017897091722595078
T010305,T050304,A,A,765,1324,0.863431151241535,0.38871951219512196,0.3662039253231211,0.6337960746768789
T010305,T050307,A,A,760,1341,0.8577878103837472,0.3848101265822785,0.361732508329367,0.638267491670633
T010306,T050304,A,A,765,1324,0.863431151241535,0.38871951219512196,0.3662039253231211,0.6337960746768789
T010306,T050307,A,A,760,1341,0.8577878103837472,0.3848101265822785,0.361732508329367,0.638267491670633
T050304,T050307,A,A,1956,31,0.9939024390243902,0.990379746835443,0.984398590840463,0.01560140915953699
T100304,T100306,O_T,O_T,665,12,0.9910581222056631,0.9910581222056631,0.982274741506647,0.01772525849335303
